EMAIL,FOUND 
hassan.ali@gmail.com,18
ahmed.hassan@eme.com,11
mostafa.saad@fawry.com,10
mostafa.ibrahim@gmail.com,16
hassan.said@eme.com,10
ibrahim.mohamed@gmail.com,16
ali.ali@eme.com,16
said.saad@fpcard.com,5
ahmed.ali@fpcard.com,14
hassan.mohamed@fpcard.com,11
mohamed.ali@skyros.com,15
mohamed.ahmed@skyros.com,15
hassan.mostafa@outlook.com,12
saad.hassan@gmail.com,16
said.saad@yahoo.com,6
said.said@fawry.com,12
ibrahim.mostafa@gmail.com,13
said.mostafa@fpcard.com,17
mostafa.ali@hotmail,8
ahmed.ali@eme.com,19
mohamed.ali@fawry.com,13
said.said@fpcard.com,9
mostafa.hassan@fpcard.com,13
mohamed.said@eme.com,9
saad.ahmed@yahoo.com,14
mostafa.said@hotmail,12
said.ali@skyros.com,9
hassan.said@gmail.com,18
ibrahim.mohamed@hotmail,13
hassan.ali@eme.com,7
mohamed.saad@yahoo.com,16
ahmed.mostafa@skyros.com,11
saad.ibrahim@fpcard.com,5
hassan.saad@yahoo.com,9
hassan.ibrahim@fawry.com,6
ali.mohamed@fpcard.com,12
saad.ali@yahoo.com,11
ibrahim.ibrahim@hotmail,14
mostafa.saad@gmail.com,6
saad.saad@fawry.com,9
said.ahmed@hotmail,14
ahmed.hassan@outlook.com,16
mohamed.said@fawry.com,8
hassan.ali@skyros.com,14
mohamed.said@hotmail,13
saad.hassan@fpcard.com,16
mohamed.saad@fpcard.com,12
ibrahim.mohamed@skyros.com,5
mohamed.mostafa@skyros.com,18
ibrahim.ahmed@fpcard.com,10
hassan.ali@fawry.com,13
ali.said@fpcard.com,15
ahmed.saad@gmail.com,9
ali.ahmed@outlook.com,11
mohamed.mostafa@yahoo.com,17
said.mohamed@fawry.com,15
hassan.said@hotmail,12
ahmed.saad@eme.com,15
saad.mohamed@fpcard.com,12
mohamed.ali@gmail.com,9
mostafa.said@eme.com,16
hassan.ibrahim@gmail.com,17
mostafa.mostafa@eme.com,13
ibrahim.hassan@outlook.com,10
mostafa.hassan@gmail.com,12
mohamed.hassan@outlook.com,18
saad.mostafa@hotmail,10
ali.ali@hotmail,18
ibrahim.ibrahim@yahoo.com,16
ahmed.hassan@hotmail,13
ibrahim.mohamed@eme.com,17
ibrahim.mohamed@fawry.com,8
hassan.said@fawry.com,14
ibrahim.mostafa@skyros.com,20
hassan.ibrahim@fpcard.com,14
ibrahim.ibrahim@outlook.com,14
saad.said@fpcard.com,11
hassan.mohamed@eme.com,17
saad.saad@gmail.com,13
ahmed.ali@fawry.com,16
hassan.ahmed@fpcard.com,9
hassan.ahmed@outlook.com,18
ahmed.ibrahim@outlook.com,9
saad.saad@fpcard.com,8
ibrahim.ahmed@fawry.com,12
ali.mostafa@gmail.com,14
mohamed.said@gmail.com,10
mohamed.ahmed@eme.com,10
mohamed.ibrahim@fpcard.com,18
ali.mostafa@fpcard.com,10
ibrahim.ibrahim@eme.com,11
hassan.ahmed@gmail.com,12
ibrahim.ali@gmail.com,13
said.said@gmail.com,7
mostafa.ali@fpcard.com,14
hassan.ibrahim@eme.com,9
ibrahim.saad@skyros.com,10
ibrahim.said@skyros.com,10
ahmed.ibrahim@eme.com,8
ibrahim.ahmed@gmail.com,17
ali.ali@skyros.com,12
ali.saad@fpcard.com,11
ahmed.said@yahoo.com,9
ibrahim.ibrahim@skyros.com,10
ibrahim.said@outlook.com,14
ibrahim.said@yahoo.com,14
ahmed.saad@hotmail,16
ali.said@fawry.com,9
said.hassan@gmail.com,9
mostafa.ibrahim@fawry.com,15
ibrahim.hassan@skyros.com,8
mostafa.ahmed@skyros.com,14
saad.hassan@eme.com,16
mostafa.mohamed@outlook.com,7
ahmed.mostafa@fawry.com,10
said.ahmed@yahoo.com,19
saad.saad@outlook.com,14
mostafa.hassan@fawry.com,18
ahmed.hassan@skyros.com,19
mostafa.ali@outlook.com,10
mohamed.ahmed@hotmail,11
hassan.ahmed@fawry.com,10
mostafa.mostafa@skyros.com,14
ali.mohamed@eme.com,9
ibrahim.mostafa@fawry.com,9
ahmed.ibrahim@fpcard.com,14
ahmed.saad@fawry.com,15
ibrahim.ali@fawry.com,20
mohamed.ahmed@fawry.com,9
ahmed.ibrahim@hotmail,11
mostafa.ahmed@hotmail,12
mohamed.hassan@fawry.com,21
ali.hassan@gmail.com,12
ahmed.ali@gmail.com,16
mostafa.mohamed@skyros.com,13
said.mostafa@hotmail,11
saad.ahmed@outlook.com,9
ali.ibrahim@yahoo.com,17
mohamed.ali@eme.com,13
said.ibrahim@fpcard.com,17
said.ibrahim@skyros.com,16
ahmed.mohamed@hotmail,12
saad.hassan@hotmail,10
ali.said@gmail.com,9
saad.mostafa@yahoo.com,8
said.mostafa@yahoo.com,16
said.said@outlook.com,14
mohamed.hassan@fpcard.com,13
said.ali@hotmail,20
ibrahim.hassan@hotmail,6
mohamed.ibrahim@gmail.com,16
said.ibrahim@eme.com,20
mohamed.mostafa@eme.com,10
hassan.mohamed@yahoo.com,11
hassan.ahmed@yahoo.com,16
ali.ali@yahoo.com,11
saad.ali@hotmail,14
ali.mostafa@eme.com,11
ibrahim.ali@eme.com,6
mostafa.ahmed@eme.com,22
hassan.saad@hotmail,12
mostafa.ahmed@outlook.com,15
hassan.mostafa@yahoo.com,13
said.saad@outlook.com,13
mostafa.mostafa@outlook.com,13
said.ibrahim@yahoo.com,9
ali.ahmed@fawry.com,14
ibrahim.ali@yahoo.com,8
ahmed.mohamed@yahoo.com,10
ahmed.ahmed@gmail.com,11
hassan.mostafa@hotmail,9
ali.hassan@fawry.com,6
ahmed.mohamed@fawry.com,10
mostafa.ahmed@fpcard.com,12
ibrahim.saad@eme.com,12
saad.ibrahim@yahoo.com,8
ali.said@yahoo.com,16
ahmed.ahmed@hotmail,9
mostafa.ali@gmail.com,12
mostafa.mostafa@fpcard.com,9
saad.mostafa@gmail.com,5
ali.ibrahim@gmail.com,17
said.mohamed@fpcard.com,11
mostafa.ibrahim@outlook.com,15
said.said@yahoo.com,12
ahmed.hassan@fawry.com,14
mohamed.ibrahim@hotmail,13
mohamed.saad@eme.com,13
saad.said@gmail.com,12
ibrahim.ahmed@eme.com,14
ibrahim.said@gmail.com,18
mostafa.hassan@hotmail,9
mohamed.mohamed@skyros.com,18
said.mostafa@gmail.com,16
saad.ahmed@fpcard.com,17
mohamed.mostafa@outlook.com,12
mostafa.said@fawry.com,15
saad.ali@fpcard.com,16
said.ahmed@fpcard.com,9
ibrahim.ali@fpcard.com,13
mostafa.mohamed@eme.com,17
said.said@eme.com,11
mohamed.ibrahim@yahoo.com,15
saad.mostafa@outlook.com,15
ali.ibrahim@fpcard.com,7
mostafa.saad@eme.com,10
ibrahim.ali@skyros.com,11
hassan.ahmed@skyros.com,7
ahmed.said@fpcard.com,11
ahmed.ali@hotmail,18
ali.hassan@eme.com,6
mostafa.mohamed@yahoo.com,16
ali.ibrahim@skyros.com,9
ibrahim.said@eme.com,8
ahmed.said@skyros.com,14
ahmed.saad@fpcard.com,8
said.mohamed@hotmail,17
hassan.hassan@yahoo.com,10
saad.mostafa@eme.com,10
ali.saad@gmail.com,6
ibrahim.ali@outlook.com,13
said.ibrahim@gmail.com,10
said.ibrahim@outlook.com,12
saad.ibrahim@gmail.com,10
ibrahim.mostafa@yahoo.com,11
hassan.ali@outlook.com,16
hassan.mohamed@gmail.com,14
ahmed.saad@skyros.com,13
hassan.hassan@fpcard.com,10
mostafa.ibrahim@skyros.com,10
hassan.ali@fpcard.com,17
mohamed.mostafa@fpcard.com,7
mostafa.saad@outlook.com,10
mohamed.said@fpcard.com,12
hassan.ahmed@eme.com,17
hassan.ali@yahoo.com,16
ali.mostafa@outlook.com,12
ahmed.mohamed@outlook.com,11
mostafa.ahmed@fawry.com,8
ali.saad@yahoo.com,9
mohamed.said@outlook.com,11
ali.ali@gmail.com,11
ahmed.ahmed@outlook.com,9
ali.ahmed@eme.com,18
ali.ibrahim@hotmail,9
mohamed.mostafa@gmail.com,9
saad.saad@eme.com,16
hassan.hassan@gmail.com,12
ali.saad@eme.com,11
saad.ahmed@fawry.com,9
saad.ahmed@skyros.com,11
saad.ali@skyros.com,7
ibrahim.hassan@fawry.com,5
mohamed.saad@outlook.com,14
mohamed.mohamed@fpcard.com,13
ali.mohamed@fawry.com,14
ibrahim.ahmed@yahoo.com,11
ali.said@hotmail,14
said.saad@skyros.com,17
mohamed.ahmed@fpcard.com,10
mohamed.ali@fpcard.com,16
said.hassan@eme.com,19
said.ali@fpcard.com,15
mostafa.mohamed@fawry.com,15
said.hassan@outlook.com,10
ahmed.ali@skyros.com,14
ahmed.saad@yahoo.com,16
ali.mohamed@skyros.com,19
said.said@skyros.com,8
said.mostafa@skyros.com,13
said.ali@outlook.com,6
ahmed.mostafa@fpcard.com,21
said.mohamed@outlook.com,14
hassan.mohamed@skyros.com,17
hassan.hassan@eme.com,8
mohamed.hassan@eme.com,10
ibrahim.mostafa@outlook.com,17
saad.ahmed@gmail.com,15
saad.mohamed@hotmail,13
mostafa.hassan@skyros.com,8
ibrahim.saad@fawry.com,17
saad.ibrahim@skyros.com,9
saad.ahmed@hotmail,13
said.saad@gmail.com,16
mostafa.said@outlook.com,13
mohamed.said@skyros.com,10
mohamed.ali@outlook.com,23
mostafa.ibrahim@fpcard.com,8
ali.mostafa@yahoo.com,10
ibrahim.hassan@fpcard.com,9
mohamed.ahmed@outlook.com,18
hassan.hassan@skyros.com,7
said.hassan@fpcard.com,13
ali.hassan@yahoo.com,10
saad.mohamed@fawry.com,14
ibrahim.saad@hotmail,16
ali.ali@fawry.com,14
ahmed.ahmed@skyros.com,16
mostafa.mohamed@fpcard.com,12
mohamed.saad@gmail.com,12
hassan.hassan@hotmail,10
ahmed.said@fawry.com,10
ali.saad@fawry.com,10
hassan.mostafa@fawry.com,12
saad.ibrahim@hotmail,14
said.hassan@yahoo.com,22
saad.mohamed@eme.com,17
ahmed.said@hotmail,12
mohamed.hassan@hotmail,12
mostafa.mostafa@fawry.com,11
mostafa.ibrahim@eme.com,12
ibrahim.mostafa@hotmail,22
said.ahmed@skyros.com,9
hassan.said@yahoo.com,10
said.ahmed@outlook.com,14
ahmed.ibrahim@fawry.com,12
saad.ali@gmail.com,8
saad.ali@outlook.com,12
ibrahim.hassan@eme.com,14
said.saad@hotmail,11
ahmed.mostafa@eme.com,12
mostafa.ali@skyros.com,14
ahmed.ali@outlook.com,13
ali.mostafa@skyros.com,9
said.saad@fawry.com,10
mohamed.ali@yahoo.com,18
ahmed.said@gmail.com,11
ali.mohamed@yahoo.com,10
hassan.mostafa@gmail.com,13
mohamed.ibrahim@skyros.com,17
said.ahmed@gmail.com,9
ali.said@eme.com,13
mostafa.ibrahim@hotmail,18
ibrahim.ibrahim@fpcard.com,5
hassan.saad@gmail.com,11
ali.saad@skyros.com,19
ibrahim.mohamed@yahoo.com,16
saad.said@eme.com,10
mostafa.saad@yahoo.com,16
hassan.mostafa@eme.com,14
ahmed.hassan@yahoo.com,18
hassan.hassan@outlook.com,12
ibrahim.ibrahim@fawry.com,10
mohamed.mohamed@hotmail,10
ahmed.said@eme.com,12
hassan.said@skyros.com,16
ibrahim.mostafa@eme.com,16
ali.mohamed@hotmail,6
saad.said@outlook.com,12
ahmed.ibrahim@gmail.com,18
ali.said@skyros.com,13
saad.hassan@outlook.com,18
saad.hassan@yahoo.com,11
mostafa.mohamed@gmail.com,18
mohamed.saad@skyros.com,7
said.mostafa@outlook.com,6
hassan.saad@skyros.com,12
said.mohamed@skyros.com,16
said.ali@fawry.com,13
saad.said@yahoo.com,10
hassan.saad@fawry.com,15
mohamed.saad@fawry.com,11
hassan.ibrahim@skyros.com,13
mohamed.mohamed@fawry.com,9
ibrahim.ibrahim@gmail.com,11
ibrahim.mohamed@outlook.com,13
said.saad@eme.com,13
ibrahim.saad@gmail.com,15
ahmed.mostafa@hotmail,11
hassan.ibrahim@yahoo.com,8
said.ibrahim@hotmail,10
saad.ahmed@eme.com,20
ibrahim.saad@outlook.com,10
ali.ahmed@gmail.com,8
ahmed.ahmed@eme.com,13
ali.hassan@skyros.com,12
mostafa.ali@yahoo.com,22
said.hassan@fawry.com,11
ahmed.saad@outlook.com,10
saad.said@hotmail,9
ahmed.mostafa@gmail.com,14
ali.hassan@fpcard.com,13
ahmed.mohamed@gmail.com,11
said.mohamed@yahoo.com,9
ali.hassan@hotmail,15
ahmed.ahmed@yahoo.com,11
hassan.hassan@fawry.com,11
ibrahim.ahmed@outlook.com,17
mohamed.hassan@skyros.com,15
ali.ibrahim@outlook.com,12
ahmed.ali@yahoo.com,15
mohamed.ibrahim@fawry.com,14
ibrahim.said@hotmail,17
saad.mohamed@outlook.com,14
ahmed.hassan@gmail.com,12
saad.ibrahim@outlook.com,15
hassan.mohamed@hotmail,9
mostafa.ahmed@yahoo.com,12
mostafa.said@yahoo.com,11
hassan.saad@outlook.com,14
ali.ibrahim@fawry.com,14
mohamed.saad@hotmail,7
mostafa.said@gmail.com,5
ahmed.said@outlook.com,9
said.ali@gmail.com,12
mohamed.hassan@yahoo.com,10
mohamed.hassan@gmail.com,9
saad.said@fawry.com,9
ibrahim.ahmed@hotmail,10
mohamed.ibrahim@outlook.com,13
hassan.said@outlook.com,10
said.mostafa@eme.com,20
mohamed.ahmed@gmail.com,8
ali.ahmed@hotmail,12
hassan.saad@fpcard.com,15
mohamed.mohamed@outlook.com,13
mohamed.said@yahoo.com,15
saad.ali@fawry.com,7
ibrahim.hassan@yahoo.com,10
mostafa.mostafa@hotmail,15
saad.saad@yahoo.com,7
ali.saad@outlook.com,8
mohamed.ibrahim@eme.com,14
ali.mohamed@gmail.com,9
ali.mostafa@fawry.com,16
ali.mohamed@outlook.com,10
mohamed.mostafa@fawry.com,10
saad.mohamed@yahoo.com,11
ali.ahmed@skyros.com,9
ahmed.mohamed@skyros.com,14
mostafa.said@fpcard.com,15
ahmed.hassan@fpcard.com,19
mohamed.mohamed@gmail.com,17
saad.mostafa@fpcard.com,10
said.ahmed@eme.com,14
ahmed.ibrahim@yahoo.com,12
hassan.ibrahim@hotmail,9
said.ahmed@fawry.com,9
hassan.saad@eme.com,15
mohamed.mohamed@eme.com,13
ibrahim.saad@yahoo.com,13
ahmed.ibrahim@skyros.com,11
mohamed.mostafa@hotmail,15
hassan.ali@hotmail,15
mostafa.saad@fpcard.com,17
ahmed.ahmed@fawry.com,7
ibrahim.ali@hotmail,12
saad.said@skyros.com,6
ali.hassan@outlook.com,7
saad.ibrahim@eme.com,9
saad.mohamed@gmail.com,22
said.mostafa@fawry.com,10
mostafa.ahmed@gmail.com,10
mostafa.ali@fawry.com,11
saad.saad@skyros.com,9
said.ali@eme.com,9
mostafa.mostafa@yahoo.com,16
ahmed.mostafa@yahoo.com,13
mohamed.ahmed@yahoo.com,11
saad.mostafa@fawry.com,11
ibrahim.said@fpcard.com,8
mohamed.mohamed@yahoo.com,10
ali.saad@hotmail,12
hassan.ibrahim@outlook.com,11
saad.saad@hotmail,13
ali.ali@fpcard.com,10
hassan.said@fpcard.com,9
ibrahim.said@fawry.com,14
said.ali@yahoo.com,13
ibrahim.hassan@gmail.com,12
hassan.mostafa@skyros.com,10
ibrahim.saad@fpcard.com,13
mostafa.hassan@eme.com,10
mostafa.mostafa@gmail.com,10
ali.ibrahim@eme.com,17
hassan.mohamed@outlook.com,16
hassan.mostafa@fpcard.com,13
ali.said@outlook.com,6
saad.hassan@skyros.com,10
ali.ali@outlook.com,15
mostafa.hassan@outlook.com,16
saad.hassan@fawry.com,17
ahmed.mostafa@outlook.com,14
ibrahim.ahmed@skyros.com,9
mostafa.mohamed@hotmail,10
ali.ahmed@yahoo.com,18
said.ibrahim@fawry.com,11
said.hassan@hotmail,13
ibrahim.mohamed@fpcard.com,13
ali.ahmed@fpcard.com,9
mostafa.said@skyros.com,16
ahmed.mohamed@fpcard.com,14
mostafa.ibrahim@yahoo.com,14
mostafa.hassan@yahoo.com,7
ahmed.ahmed@fpcard.com,9
ahmed.mohamed@eme.com,10
hassan.ahmed@hotmail,8
said.mohamed@gmail.com,13
saad.ibrahim@fawry.com,11
mohamed.ali@hotmail,10
mostafa.saad@hotmail,11
said.hassan@skyros.com,15
saad.mohamed@skyros.com,16
said.said@hotmail,11
ali.mostafa@hotmail,7
hassan.mohamed@fawry.com,16
ibrahim.mostafa@fpcard.com,13
saad.ali@eme.com,12
mostafa.saad@skyros.com,11
said.mohamed@eme.com,5
mostafa.ali@eme.com,10
saad.mostafa@skyros.com,15
